query_index,,score,submission.n_comments,submission.score,arousal,valence,dataset,artist_name,song_name,mean.anger,mean.anticipation,mean.disgust,mean.fear,mean.joy,mean.negative,mean.positive,mean.sadness,mean.surprise,mean.trust,min.anger,min.anticipation,min.disgust,min.fear,min.joy,min.negative,min.positive,min.sadness,min.surprise,min.trust,max.anger,max.anticipation,max.disgust,max.fear,max.joy,max.negative,max.positive,max.sadness,max.surprise,max.trust,std.anger,std.anticipation,std.disgust,std.fear,std.joy,std.negative,std.positive,std.sadness,std.surprise,std.trust
0,0,2.357142857142857,10.214285714285714,30.0,-0.335959375,0.15131875,AMG1608,Ben Webster,Chelsea Bridge,0.0,0.10714285714285714,0.0,0.0,0.14285714285714285,0.03571428571428571,0.35714285714285715,0.017857142857142856,0.10714285714285714,0.10714285714285714,0.0,0.0,0.0,0.0,0.0,0.0,0.0,0.0,0.0,0.0,0.0,1.0,0.0,0.0,1.0,1.0,1.0,1.0,1.0,1.0,0.0,0.31209389196617965,0.0,0.0,0.35309393180189985,0.1872563351797078,0.48349377841522817,0.1336306209562122,0.31209389196617965,0.31209389196617965
1,0,1.4444444444444444,1.4444444444444444,18.555555555555557,-0.261853125,0.049584375,AMG1608,Leadbelly,Goodnight Irene,0.04,0.04,0.02,0.02,0.06,0.02,0.14,0.12,0.04,0.08,0.0,0.0,0.0,0.0,0.0,0.0,0.0,0.0,0.0,0.0,1.0,1.0,1.0,1.0,1.0,1.0,1.0,1.0,1.0,1.0,0.19794866372215741,0.19794866372215741,0.1414213562373095,0.1414213562373095,0.2398979374820952,0.1414213562373095,0.3505098327538656,0.32826072265931594,0.19794866372215741,0.2740475156178697
2,0,1.5,1.0,4.0,-0.2660375,0.11059375,AMG1608,Ray Charles,How Long Blues,0.0,0.07692307692307693,0.0,0.0,0.07692307692307693,0.0,0.15384615384615385,0.0,0.07692307692307693,0.07692307692307693,0.0,0.0,0.0,0.0,0.0,0.0,0.0,0.0,0.0,0.0,0.0,1.0,0.0,0.0,1.0,0.0,1.0,0.0,1.0,1.0,0.0,0.2773500981126146,0.0,0.0,0.2773500981126146,0.0,0.3755338080994054,0.0,0.2773500981126146,0.2773500981126146
3,0,2.0,1.5,9.5,0.149390625,0.026140625,AMG1608,The Kinks,Two Sisters,0.0,0.0,0.0,0.0,0.0,0.3333333333333333,0.0,0.0,0.0,0.0,0.0,0.0,0.0,0.0,0.0,0.0,0.0,0.0,0.0,0.0,0.0,0.0,0.0,0.0,0.0,1.0,0.0,0.0,0.0,0.0,0.0,0.0,0.0,0.0,0.0,0.5773502691896258,0.0,0.0,0.0,0.0
4,0,3.3714285714285714,5.142857142857143,75.02857142857142,0.544234375,0.53096875,AMG1608,Adam Ant,Goody Two Shoes,0.0380952380952381,0.12380952380952381,0.009523809523809525,0.01904761904761905,0.10476190476190476,0.0380952380952381,0.22857142857142856,0.0380952380952381,0.0380952380952381,0.10476190476190476,0.0,0.0,0.0,0.0,0.0,0.0,0.0,0.0,0.0,0.0,1.0,1.0,1.0,1.0,1.0,1.0,1.0,1.0,1.0,1.0,0.1923443188564118,0.33094381626464864,0.09759000729485333,0.1373479845664612,0.307715200613562,0.1923443188564118,0.42192650784464586,0.1923443188564118,0.19234431885641176,0.307715200613562
5,0,1.8,2.8666666666666667,12.533333333333333,0.5519375,0.413565625,AMG1608,Sam the Sham & the Pharaohs,Wooly Bully,0.019230769230769232,0.19230769230769232,0.0,0.019230769230769232,0.11538461538461539,0.019230769230769232,0.28846153846153844,0.0,0.038461538461538464,0.17307692307692307,0.0,0.0,0.0,0.0,0.0,0.0,0.0,0.0,0.0,0.0,1.0,1.0,0.0,1.0,1.0,1.0,1.0,0.0,1.0,1.0,0.13867504905630726,0.3979585917202717,0.0,0.13867504905630726,0.3226025390322358,0.13867504905630726,0.45746695847847574,0.0,0.19418390934515434,0.3820047143818447
6,0,9.456692913385826,51.30708661417323,578.7716535433071,0.483128125,0.4211,AMG1608,Elvis Presley,Viva Las Vegas,0.07488986784140969,0.0881057268722467,0.05286343612334802,0.048458149779735685,0.11013215859030837,0.12334801762114538,0.16740088105726872,0.05286343612334802,0.05726872246696035,0.11013215859030837,0.0,0.0,0.0,0.0,0.0,0.0,0.0,0.0,0.0,0.0,1.0,1.0,1.0,1.0,1.0,1.0,1.0,1.0,1.0,1.0,0.26379524312450214,0.2840750046051115,0.2242552942964764,0.21520683971537324,0.3137462479784278,0.3295629682310175,0.37415844521153613,0.2242552942964764,0.23286885868406892,0.3137462479784278
8,0,11.931899641577061,267.5448028673835,948.2222222222222,0.523778125,0.441253125,AMG1608,ABBA,Take a Chance on Me,0.07368421052631578,0.10827067669172932,0.06616541353383458,0.058646616541353384,0.14285714285714285,0.14586466165413534,0.23308270676691728,0.061654135338345864,0.07518796992481203,0.1443609022556391,0.0,0.0,0.0,0.0,0.0,0.0,0.0,0.0,0.0,0.0,1.0,1.0,1.0,1.0,1.0,1.0,1.0,1.0,1.0,1.0,0.26145294240202865,0.3109558506952711,0.24875812575125264,0.23513896799426603,0.3501905063043256,0.35323617440596194,0.42311271329196537,0.24070735510135804,0.2638928951222886,0.35171985656941346
9,0,2.0,1.5,15.0,0.361746875,0.297725,AMG1608,John Coltrane,Cousin Mary,,,,,,,,,,,,,,,,,,,,,,,,,,,,,,,,,,,,,,,,
10,0,2.7962962962962963,25.537037037037038,44.7962962962963,-0.32401875,-0.3600875,AMG1608,Nico,Chelsea Girls,0.03768844221105527,0.09798994974874371,0.04271356783919598,0.04522613065326633,0.10804020100502512,0.11557788944723618,0.23618090452261306,0.07537688442211055,0.04522613065326633,0.11809045226130653,0.0,0.0,0.0,0.0,0.0,0.0,0.0,0.0,0.0,0.0,1.0,1.0,1.0,1.0,1.0,1.0,1.0,1.0,1.0,1.0,0.1906813539855659,0.2976752577771499,0.2024650938396802,0.20806127783809314,0.31082190287487865,0.32012047907308694,0.4252691990073684,0.2643307859507701,0.20806127783809314,0.3231213820935436
11,0,1.0,1.0,7.0,0.575321875,-0.2081625,AMG1608,Pussy Galore,Dick Johnson,0.0,1.0,1.0,0.0,1.0,0.0,1.0,0.0,1.0,1.0,0.0,1.0,1.0,0.0,1.0,0.0,1.0,0.0,1.0,1.0,0.0,1.0,1.0,0.0,1.0,0.0,1.0,0.0,1.0,1.0,,,,,,,,,,
12,0,4.013698630136986,19.34246575342466,110.79452054794521,0.536174194,0.011248387,AMG1608,Red Hot Chili Peppers,Give It Away,0.057803468208092484,0.10404624277456648,0.046242774566473986,0.03757225433526012,0.10404624277456648,0.12138728323699421,0.21676300578034682,0.07225433526011561,0.03757225433526012,0.12716763005780346,0.0,0.0,0.0,0.0,0.0,0.0,0.0,0.0,0.0,0.0,1.0,1.0,1.0,1.0,1.0,1.0,1.0,1.0,1.0,1.0,0.2337094110204612,0.3057626969414595,0.21031457189301062,0.19043474818137376,0.3057626969414595,0.327049763992684,0.4126365371448354,0.2592835257402242,0.19043474818137376,0.3336431499804242
13,0,2.52,12.96,17.48,0.357346667,0.444516667,AMG1608,Louis Armstrong,Heebie Jeebies,0.027149321266968326,0.07239819004524888,0.027149321266968326,0.03167420814479638,0.1085972850678733,0.09049773755656108,0.23076923076923078,0.05429864253393665,0.04524886877828054,0.12217194570135746,0.0,0.0,0.0,0.0,0.0,0.0,0.0,0.0,0.0,0.0,1.0,1.0,1.0,1.0,1.0,1.0,1.0,1.0,1.0,1.0,0.16288735751485933,0.25973438319731756,0.1628873575148593,0.17552881844439033,0.3118395942436595,0.2875448206080131,0.4222815154866221,0.22712047553498965,0.20832133518172435,0.328227730436599
14,0,2.2857142857142856,4.142857142857143,11.714285714285714,-0.36216,-0.211066667,AMG1608,Roberta Flack,The First Time Ever I Saw Your Face,0.0,0.0,0.0,0.07692307692307693,0.0,0.07692307692307693,0.07692307692307693,0.0,0.0,0.0,0.0,0.0,0.0,0.0,0.0,0.0,0.0,0.0,0.0,0.0,0.0,0.0,0.0,1.0,0.0,1.0,1.0,0.0,0.0,0.0,0.0,0.0,0.0,0.2773500981126146,0.0,0.2773500981126146,0.2773500981126146,0.0,0.0,0.0
15,0,6.032967032967033,99.91208791208791,883.0,0.417813793,0.244262069,AMG1608,The Dead Milkmen,Punk Rock Girl,0.043859649122807015,0.10635964912280702,0.03399122807017544,0.046052631578947366,0.1069078947368421,0.09539473684210527,0.18695175438596492,0.05756578947368421,0.043859649122807015,0.11074561403508772,0.0,0.0,0.0,0.0,0.0,0.0,0.0,0.0,0.0,0.0,1.0,1.0,1.0,1.0,1.0,1.0,1.0,1.0,1.0,1.0,0.2048389224016038,0.3083819255352119,0.18125627287406657,0.20965658903297443,0.30908084899545607,0.2938399523593817,0.389979711523692,0.23298439663600598,0.2048389224016038,0.3139029219567847
16,0,1.0,1.0,9.0,-0.48002,-0.02614,AMG1608,Duke Ellington,After All,0.0,0.25,0.0,0.0,0.5,0.0,0.75,0.25,0.0,0.25,0.0,0.0,0.0,0.0,0.0,0.0,0.0,0.0,0.0,0.0,0.0,1.0,0.0,0.0,1.0,0.0,1.0,1.0,0.0,1.0,0.0,0.5,0.0,0.0,0.5773502691896257,0.0,0.5,0.5,0.0,0.5
18,0,1.1666666666666667,1.0,5.666666666666667,0.428216667,0.290823333,AMG1608,Little Jimmy Dickens,May the Bird of Paradise Fly up Your Nose,0.0,0.075,0.025,0.025,0.1,0.125,0.175,0.05,0.0,0.125,0.0,0.0,0.0,0.0,0.0,0.0,0.0,0.0,0.0,0.0,0.0,1.0,1.0,1.0,1.0,1.0,1.0,1.0,0.0,1.0,0.0,0.2667467828369185,0.15811388300841897,0.15811388300841897,0.3038218101251,0.3349320635285418,0.38480764425479264,0.22072142786315221,0.0,0.3349320635285418
19,0,1.0,1.0,11.0,0.51092069,0.358775862,AMG1608,MC5,High School,0.0,0.3333333333333333,0.0,0.0,0.3333333333333333,0.0,0.3333333333333333,0.0,0.0,0.0,0.0,0.0,0.0,0.0,0.0,0.0,0.0,0.0,0.0,0.0,0.0,1.0,0.0,0.0,1.0,0.0,1.0,0.0,0.0,0.0,0.0,0.5773502691896258,0.0,0.0,0.5773502691896258,0.0,0.5773502691896258,0.0,0.0,0.0
20,0,10.232558139534884,156.70542635658916,2489.8682170542634,0.415489655,0.354517241,AMG1608,The Allman Brothers Band,Ramblin'' Man,0.03869969040247678,0.09907120743034056,0.018575851393188854,0.04179566563467492,0.1393188854489164,0.07275541795665634,0.25232198142414863,0.06037151702786378,0.05108359133126935,0.14086687306501547,0.0,0.0,0.0,0.0,0.0,0.0,0.0,0.0,0.0,0.0,1.0,1.0,1.0,1.0,1.0,1.0,1.0,1.0,1.0,1.0,0.19302772319639638,0.2989891048920031,0.13512606679530262,0.20027700595167458,0.3465473116901732,0.2599358756823003,0.4346815942909162,0.23835843908289917,0.22033885632431505,0.34815374522150055
21,0,1.875,4.125,30.0,-0.220451724,-0.213693103,AMG1608,Bobby Bare,500 Miles Away from Home,0.04081632653061224,0.10204081632653061,0.04081632653061224,0.08163265306122448,0.04081632653061224,0.12244897959183673,0.16326530612244897,0.08163265306122448,0.0,0.10204081632653061,0.0,0.0,0.0,0.0,0.0,0.0,0.0,0.0,0.0,0.0,1.0,1.0,1.0,1.0,1.0,1.0,1.0,1.0,0.0,1.0,0.199914947901746,0.3058388709205983,0.199914947901746,0.2766416675862441,0.199914947901746,0.33120066055341796,0.3734377890799553,0.2766416675862441,0.0,0.3058388709205983
22,0,1.5,1.0,6.0,0.453658621,-0.142351724,AMG1608,Kevin Ayers,Stranger in Blue Suede Shoes,0.014285714285714285,0.11428571428571428,0.0,0.014285714285714285,0.05714285714285714,0.1,0.2,0.04285714285714286,0.04285714285714286,0.07142857142857142,0.0,0.0,0.0,0.0,0.0,0.0,0.0,0.0,0.0,0.0,1.0,1.0,0.0,1.0,1.0,1.0,1.0,1.0,1.0,1.0,0.11952286093343938,0.32045516283430914,0.0,0.11952286093343938,0.23379132809659067,0.30216609311120096,0.40288812414826797,0.20399732064980203,0.20399732064980203,0.25939889105215735
24,0,5.25,32.52272727272727,447.8181818181818,-0.096996296,0.195296296,AMG1608,James Taylor,Carolina in My Mind,0.013986013986013986,0.10839160839160839,0.01048951048951049,0.027972027972027972,0.14335664335664336,0.07692307692307693,0.20279720279720279,0.04895104895104895,0.05244755244755245,0.13286713286713286,0.0,0.0,0.0,0.0,0.0,0.0,0.0,0.0,0.0,0.0,1.0,1.0,1.0,1.0,1.0,1.0,1.0,1.0,1.0,1.0,0.11763839843418988,0.3114192759015056,0.10205831612163753,0.16518170511908495,0.3510504418315079,0.2669364357459374,0.4027874901703903,0.2161439198465114,0.2233185649473165,0.3400260513809429
25,0,5.297297297297297,158.45945945945945,1204.3513513513512,0.209333333,-0.080992593,AMG1608,Soft Cell,Tainted Love,0.031512605042016806,0.10609243697478991,0.017857142857142856,0.02100840336134454,0.09138655462184873,0.06932773109243698,0.22163865546218486,0.04096638655462185,0.04096638655462185,0.12815126050420167,0.0,0.0,0.0,0.0,0.0,0.0,0.0,0.0,0.0,0.0,1.0,1.0,1.0,1.0,1.0,1.0,1.0,1.0,1.0,1.0,0.17479031105239004,0.3081177616815783,0.13250172536792473,0.14348755037013852,0.2883094963151736,0.25414413752262305,0.4155675223263857,0.1983165504418328,0.19831655044183275,0.33443385030487705
26,0,2.1666666666666665,3.3333333333333335,29.666666666666668,0.232566667,-0.247937037,AMG1608,Adam Ant,Desperate But Not Serious,0.015625,0.125,0.015625,0.03125,0.078125,0.08333333333333333,0.22395833333333334,0.046875,0.03125,0.09895833333333333,0.0,0.0,0.0,0.0,0.0,0.0,0.0,0.0,0.0,0.0,1.0,1.0,1.0,1.0,1.0,1.0,1.0,1.0,1.0,1.0,0.12434382748876188,0.3315835399700317,0.12434382748876188,0.174447519824086,0.2690698054584053,0.27710797663642284,0.41798439101763174,0.2119236872429783,0.174447519824086,0.2993867350150418
27,0,4.97887323943662,40.563380281690144,208.9718309859155,-0.200874074,0.087755556,AMG1608,Neil Young,Harvest Moon,0.023529411764705882,0.13445378151260504,0.018487394957983194,0.03529411764705882,0.16638655462184873,0.06218487394957983,0.2638655462184874,0.05546218487394958,0.04201680672268908,0.15966386554621848,0.0,0.0,0.0,0.0,0.0,0.0,0.0,0.0,0.0,0.0,1.0,1.0,1.0,1.0,1.0,1.0,1.0,1.0,1.0,1.0,0.1517051690239194,0.3414262457365626,0.13481898735945894,0.18467745806548297,0.3727406259447605,0.2416942153015073,0.44109808884112006,0.22907274622389798,0.20079630964292347,0.36660222751740423
28,0,7.892857142857143,33.583333333333336,82.22619047619048,-0.47532963,-0.348396296,AMG1608,Tori Amos,Me and a Gun,0.04647887323943662,0.10845070422535211,0.0323943661971831,0.04929577464788732,0.10422535211267606,0.09154929577464789,0.24084507042253522,0.07323943661971831,0.05352112676056338,0.1352112676056338,0.0,0.0,0.0,0.0,0.0,0.0,0.0,0.0,0.0,0.0,1.0,1.0,1.0,1.0,1.0,1.0,1.0,1.0,1.0,1.0,0.2106682134731794,0.3111679979598952,0.1771699222510525,0.21663749070709,0.30576806558998787,0.2885919705971675,0.42789789087816044,0.260712783662918,0.22522891405839673,0.34219015472178305
29,0,9.97872340425532,98.35460992907801,100.90780141843972,0.201381481,0.197659259,AMG1608,Sylvia,Nobody,0.08165728077232502,0.1427996781979083,0.057924376508447305,0.07119871279163315,0.1423974255832663,0.15647626709573612,0.2670957361222848,0.08447304907481899,0.07763475462590506,0.13113435237329044,0.0,0.0,0.0,0.0,0.0,0.0,0.0,0.0,0.0,0.0,1.0,1.0,1.0,1.0,1.0,1.0,1.0,1.0,1.0,1.0,0.2738969625201304,0.3499388358397368,0.23364738930337553,0.25720821825826234,0.34952759803503125,0.3633793612756647,0.442531782766472,0.27815189146592484,0.26764979999150584,0.3376151423687376
30,0,14.067796610169491,71.71751412429379,583.4802259887006,0.335448148,0.263133333,AMG1608,Cocteau Twins,Heaven or Las Vegas,0.022988505747126436,0.14367816091954022,0.014367816091954023,0.02442528735632184,0.15086206896551724,0.06752873563218391,0.26436781609195403,0.04741379310344827,0.05747126436781609,0.15229885057471265,0.0,0.0,0.0,0.0,0.0,0.0,0.0,0.0,0.0,0.0,1.0,1.0,1.0,1.0,1.0,1.0,1.0,1.0,1.0,1.0,0.14997450098876391,0.35101534924738037,0.11908718672402331,0.15447646611264487,0.35817178218275686,0.2511159250349704,0.44131315141312943,0.21267513249587602,0.23290826126584924,0.3595687301628259
31,0,2.5,5.233333333333333,59.43333333333333,0.175744444,0.239377778,AMG1608,P.M. Dawn,Set Adrift on Memory Bliss,0.05,0.1,0.03461538461538462,0.06153846153846154,0.09230769230769231,0.11538461538461539,0.2,0.06923076923076923,0.046153846153846156,0.13076923076923078,0.0,0.0,0.0,0.0,0.0,0.0,0.0,0.0,0.0,0.0,1.0,1.0,1.0,1.0,1.0,1.0,1.0,1.0,1.0,1.0,0.21836528497771268,0.3005785926300979,0.18315617255823935,0.2407788569921744,0.2900180754892427,0.32010170643891056,0.4007714568401306,0.25433573222546746,0.210222844128901,0.33779803745361536
32,0,1.0,1.0,4.0,-0.280896296,0.194459259,AMG1608,Lefty Frizzell,Look What Thoughts Will Do,0.0625,0.1875,0.0,0.1875,0.25,0.1875,0.375,0.25,0.125,0.25,0.0,0.0,0.0,0.0,0.0,0.0,0.0,0.0,0.0,0.0,1.0,1.0,0.0,1.0,1.0,1.0,1.0,1.0,1.0,1.0,0.25,0.4031128874149275,0.0,0.4031128874149275,0.4472135954999579,0.4031128874149275,0.5,0.4472135954999579,0.3415650255319866,0.4472135954999579
33,0,2.5714285714285716,3.857142857142857,31.904761904761905,-0.455003704,0.03887037,AMG1608,Mojave 3,Love Songs on the Radio,0.010101010101010102,0.12121212121212122,0.020202020202020204,0.010101010101010102,0.12121212121212122,0.04040404040404041,0.20202020202020202,0.030303030303030304,0.06060606060606061,0.1414141414141414,0.0,0.0,0.0,0.0,0.0,0.0,0.0,0.0,0.0,0.0,1.0,1.0,1.0,1.0,1.0,1.0,1.0,1.0,1.0,1.0,0.10050378152592122,0.32803456987831403,0.14140677897022574,0.10050378152592122,0.32803456987831403,0.19790700347467466,0.40355051727866376,0.1722921969015792,0.23982058847557647,0.3502215336827858
34,0,7.959183673469388,112.59183673469387,63.38095238095238,0.068237037,0.109311111,AMG1608,Bob Dylan,Forever Young,0.051227321237993596,0.12593383137673425,0.029882604055496264,0.0416221985058698,0.11739594450373532,0.08964781216648879,0.21237993596584845,0.05016008537886873,0.05869797225186766,0.14194236926360726,0.0,0.0,0.0,0.0,0.0,0.0,0.0,0.0,0.0,0.0,1.0,1.0,1.0,1.0,1.0,1.0,1.0,1.0,1.0,1.0,0.22057880489131856,0.3319519580521291,0.1703543538087234,0.19983094954383007,0.322063403046397,0.2858290980063261,0.40921071717392243,0.21839174200910272,0.2351840784912924,0.3491773985376327
35,0,3.2580645161290325,17.258064516129032,22.20967741935484,0.561237037,-0.01162963,AMG1608,Kiss,Rock and Roll All Nite,0.04265402843601896,0.11137440758293839,0.04265402843601896,0.052132701421800945,0.0924170616113744,0.0971563981042654,0.22037914691943128,0.04739336492890995,0.04028436018957346,0.10900473933649289,0.0,0.0,0.0,0.0,0.0,0.0,0.0,0.0,0.0,0.0,1.0,1.0,1.0,1.0,1.0,1.0,1.0,1.0,1.0,1.0,0.20231573527892704,0.31496862130632225,0.20231573527892704,0.22255843700688202,0.28995754704893056,0.29652215163103435,0.4149943173823023,0.2127309849901364,0.19685873901794898,0.3120150659866659
37,0,6.041666666666667,607.7303921568628,7306.737745098039,0.605448148,0.071766667,AMG1608,Judas Priest,Living After Midnight,0.03145478374836173,0.09370904325032765,0.021952817824377458,0.040956749672346006,0.11795543905635648,0.08387942332896461,0.24246395806028834,0.062254259501965926,0.03866317169069463,0.12876802096985585,0.0,0.0,0.0,0.0,0.0,0.0,0.0,0.0,0.0,0.0,1.0,1.0,1.0,1.0,1.0,1.0,1.0,1.0,1.0,1.0,0.17457194993211175,0.29147125839574395,0.1465535019821117,0.19822252284924308,0.32260820570566784,0.27725232561263674,0.4286436617245222,0.2416563695596431,0.19282249139890698,0.334997892907782
38,0,6.671532846715328,84.11313868613139,708.543795620438,0.540433333,-0.019325926,AMG1608,Public Enemy,Bring the Noise,0.05861767279090114,0.11461067366579178,0.04374453193350831,0.04636920384951881,0.1084864391951006,0.10761154855643044,0.19772528433945757,0.05861767279090114,0.047244094488188976,0.10936132983377078,0.0,0.0,0.0,0.0,0.0,0.0,0.0,0.0,0.0,0.0,1.0,1.0,1.0,1.0,1.0,1.0,1.0,1.0,1.0,1.0,0.2350105559409751,0.31869095449104673,0.20461568222149354,0.21037542997610673,0.3111299129212223,0.3100248274442517,0.39845815551717084,0.2350105559409751,0.2122533984752807,0.3122286335189698
39,0,27.231155778894472,362.3467336683417,6241.326633165829,-0.214459259,0.347488889,AMG1608,The Rolling Stones,You Can''t Always Get What You Want,0.07142857142857142,0.08597883597883597,0.05291005291005291,0.05423280423280423,0.0873015873015873,0.1335978835978836,0.1970899470899471,0.06746031746031746,0.03306878306878307,0.10846560846560846,0.0,0.0,0.0,0.0,0.0,0.0,0.0,0.0,0.0,0.0,1.0,1.0,1.0,1.0,1.0,1.0,1.0,1.0,1.0,1.0,0.25770987625945785,0.28051838404978297,0.2240021223988793,0.2266264395020965,0.2824633721507067,0.3404450024271675,0.3980641864505858,0.2509835587594957,0.17893459689118213,0.3111734256044541
40,0,6.847619047619047,27.504761904761907,86.78095238095239,-0.197988889,0.124544444,AMG1608,Big Star,Thirteen,0.045576407506702415,0.1126005361930295,0.03485254691689008,0.04423592493297587,0.12332439678284182,0.12734584450402145,0.2546916890080429,0.0777479892761394,0.06032171581769437,0.1193029490616622,0.0,0.0,0.0,0.0,0.0,0.0,0.0,0.0,0.0,0.0,1.0,1.0,1.0,1.0,1.0,1.0,1.0,1.0,1.0,1.0,0.20870454420425588,0.3163159472260461,0.1835292847548642,0.20575679419808607,0.3290298032154505,0.33358364269547724,0.43598007941757555,0.26795425990014815,0.23824166510263797,0.3243621257723945
42,0,4.294117647058823,22.254901960784313,56.96078431372549,0.164881481,-0.073181481,AMG1608,Morrissey,Everyday Is Like Sunday,0.023346303501945526,0.13618677042801555,0.03501945525291829,0.07782101167315175,0.11673151750972763,0.13229571984435798,0.24124513618677043,0.0622568093385214,0.023346303501945526,0.12840466926070038,0.0,0.0,0.0,0.0,0.0,0.0,0.0,0.0,0.0,0.0,1.0,1.0,1.0,1.0,1.0,1.0,1.0,1.0,1.0,1.0,0.15129547584667938,0.3436560271267547,0.1841876686324701,0.26841243164770706,0.3217266313065003,0.3394730839229691,0.4286734696476638,0.24209285288158017,0.15129547584667938,0.3351926097083777
43,0,1.7142857142857142,2.642857142857143,13.214285714285714,0.367981481,0.157955556,AMG1608,Urge Overkill,Sister Havana,0.014285714285714285,0.08571428571428572,0.0,0.0,0.04285714285714286,0.07142857142857142,0.15714285714285714,0.014285714285714285,0.014285714285714285,0.1,0.0,0.0,0.0,0.0,0.0,0.0,0.0,0.0,0.0,0.0,1.0,1.0,0.0,0.0,1.0,1.0,1.0,1.0,1.0,1.0,0.11952286093343938,0.2819629507400965,0.0,0.0,0.20399732064980203,0.2593988910521574,0.36656313238063637,0.11952286093343938,0.11952286093343938,0.30216609311120096
44,0,42.97802197802198,666.0842490842491,4731.208791208791,0.476725926,-0.085274074,AMG1608,The Clash,London Calling,0.0660964230171073,0.1181959564541213,0.045878693623639194,0.0552099533437014,0.12674961119751166,0.12208398133748057,0.22161741835147744,0.06376360808709176,0.05909797822706065,0.12830482115085537,0.0,0.0,0.0,0.0,0.0,0.0,0.0,0.0,0.0,0.0,1.0,1.0,1.0,1.0,1.0,1.0,1.0,1.0,1.0,1.0,0.24854722487102185,0.3229656046774156,0.20930337871009003,0.22847846123247012,0.3328216981838021,0.3275101387684373,0.4154965486283199,0.24442640571506347,0.23589972421976216,0.3345590099463344
45,0,3.263157894736842,11.052631578947368,26.105263157894736,-0.482544444,-0.298092593,AMG1608,The Jesus and Mary Chain,Taste of Cindy,0.045454545454545456,0.13636363636363635,0.011363636363636364,0.045454545454545456,0.11363636363636363,0.056818181818181816,0.22727272727272727,0.03409090909090909,0.056818181818181816,0.125,0.0,0.0,0.0,0.0,0.0,0.0,0.0,0.0,0.0,0.0,1.0,1.0,1.0,1.0,1.0,1.0,1.0,1.0,1.0,1.0,0.20949259494173825,0.3451409234693729,0.10660035817780522,0.20949259494173825,0.31918784084445745,0.23282150162655668,0.4214717707041866,0.18250263020391777,0.23282150162655668,0.3326141667278259
46,0,8.296296296296296,32.05555555555556,48.166666666666664,-0.3876,-0.222707407,AMG1608,Red House Painters,Down Colorful Hill,0.047619047619047616,0.10863095238095238,0.03273809523809524,0.05654761904761905,0.13988095238095238,0.1324404761904762,0.24553571428571427,0.08630952380952381,0.052083333333333336,0.14136904761904762,0.0,0.0,0.0,0.0,0.0,0.0,0.0,0.0,0.0,0.0,1.0,1.0,1.0,1.0,1.0,1.0,1.0,1.0,1.0,1.0,0.21311748359180774,0.31140741155354285,0.17808286013583902,0.23114820787378929,0.3471218481467143,0.3392215108323724,0.4307249756908006,0.28102974268357833,0.22236060230295418,0.348661354188995
47,0,2.891891891891892,9.432432432432432,47.513513513513516,-0.206774074,0.0803,AMG1608,The Carpenters,Rainy Days and Mondays,0.04072398190045249,0.09954751131221719,0.03619909502262444,0.05429864253393665,0.11312217194570136,0.13574660633484162,0.2081447963800905,0.1085972850678733,0.04072398190045249,0.09502262443438914,0.0,0.0,0.0,0.0,0.0,0.0,0.0,0.0,0.0,0.0,1.0,1.0,1.0,1.0,1.0,1.0,1.0,1.0,1.0,1.0,0.19809873758140187,0.3000754053046972,0.18720925627634155,0.22712047553498962,0.31746113363655504,0.343296862059347,0.4069025981647866,0.3118395942436595,0.19809873758140187,0.2939118984173027
48,0,107.82222222222222,121.95555555555555,13093.444444444445,0.593237037,0.393033333,AMG1608,T. Rex,20th Century Boy,0.03235294117647059,0.12352941176470589,0.03823529411764706,0.04411764705882353,0.08529411764705883,0.10882352941176471,0.21176470588235294,0.04411764705882353,0.047058823529411764,0.10588235294117647,0.0,0.0,0.0,0.0,0.0,0.0,0.0,0.0,0.0,0.0,1.0,1.0,1.0,1.0,1.0,1.0,1.0,1.0,1.0,1.0,0.17719643656114256,0.3295288703869997,0.19204643287228557,0.2056591338445253,0.2797305413724166,0.3118766557668035,0.40916110009420087,0.2056591338445253,0.21207681320850877,0.30814046568134723
49,0,5.15625,19.59375,67.65625,-0.396103704,0.260225926,AMG1608,The Beach Boys,Surfer Girl,0.057971014492753624,0.06521739130434782,0.028985507246376812,0.021739130434782608,0.08695652173913043,0.08695652173913043,0.2391304347826087,0.043478260869565216,0.021739130434782608,0.13043478260869565,0.0,0.0,0.0,0.0,0.0,0.0,0.0,0.0,0.0,0.0,1.0,1.0,1.0,1.0,1.0,1.0,1.0,1.0,1.0,1.0,0.2345399579057644,0.24780854804396069,0.1683769227346635,0.14636178075710754,0.28279782749259,0.2827978274925901,0.4281064712729708,0.20467404092265898,0.14636178075710754,0.33800805407675616
50,0,2.5,10.0,75.0,-0.013066667,0.091477778,AMG1608,The Lemonheads,It''s a Shame About Ray,0.0,0.07407407407407407,0.0,0.0,0.1111111111111111,0.07407407407407407,0.18518518518518517,0.0,0.037037037037037035,0.14814814814814814,0.0,0.0,0.0,0.0,0.0,0.0,0.0,0.0,0.0,0.0,0.0,1.0,0.0,0.0,1.0,1.0,1.0,0.0,1.0,1.0,0.0,0.2668802563418119,0.0,0.0,0.32025630761017426,0.2668802563418119,0.3958473906635697,0.0,0.19245008972987523,0.36201399289824565
51,0,-1.6,4.2,23.7,-0.201240741,0.222014815,AMG1608,Frank Sinatra,The House I Live In,0.06451612903225806,0.06451612903225806,0.0967741935483871,0.0967741935483871,0.0967741935483871,0.22580645161290322,0.0967741935483871,0.12903225806451613,0.0967741935483871,0.06451612903225806,0.0,0.0,0.0,0.0,0.0,0.0,0.0,0.0,0.0,0.0,1.0,1.0,1.0,1.0,1.0,1.0,1.0,1.0,1.0,1.0,0.24973103811470743,0.24973103811470743,0.3005371535187643,0.3005371535187643,0.3005371535187643,0.4250237185032414,0.3005371535187643,0.3407771005482388,0.3005371535187643,0.24973103811470743
52,0,4.9144736842105265,34.21052631578947,235.17763157894737,0.471174074,0.425137037,AMG1608,The Who,Won''t Get Fooled Again,0.06114130434782609,0.10733695652173914,0.050271739130434784,0.07608695652173914,0.09375,0.12907608695652173,0.23505434782608695,0.06385869565217392,0.036684782608695655,0.09782608695652174,0.0,0.0,0.0,0.0,0.0,0.0,0.0,0.0,0.0,0.0,1.0,1.0,1.0,1.0,1.0,1.0,1.0,1.0,1.0,1.0,0.23975225678138204,0.3097516680013785,0.21865372136532069,0.265317497992878,0.2916788141299345,0.33551214124676176,0.4243211430231174,0.24466731905327715,0.1881145651417138,0.29728138194854836
55,0,8.636363636363637,15.545454545454545,17.09090909090909,-0.1259,0.022355556,AMG1608,Rod Stewart,Reason to Believe,0.0,0.0,0.15384615384615385,0.0,0.07692307692307693,0.15384615384615385,0.15384615384615385,0.0,0.0,0.07692307692307693,0.0,0.0,0.0,0.0,0.0,0.0,0.0,0.0,0.0,0.0,0.0,0.0,1.0,0.0,1.0,1.0,1.0,0.0,0.0,1.0,0.0,0.0,0.37553380809940534,0.0,0.2773500981126146,0.37553380809940534,0.3755338080994054,0.0,0.0,0.2773500981126146
56,0,9.142857142857142,40.785714285714285,190.57142857142858,-0.289740741,0.207462963,AMG1608,Barry Manilow,Looks Like We Made It,0.055944055944055944,0.1258741258741259,0.013986013986013986,0.03496503496503497,0.18181818181818182,0.09090909090909091,0.2517482517482518,0.08391608391608392,0.07692307692307693,0.0979020979020979,0.0,0.0,0.0,0.0,0.0,0.0,0.0,0.0,0.0,0.0,1.0,1.0,1.0,1.0,1.0,1.0,1.0,1.0,1.0,1.0,0.2306214438627704,0.33287338173767667,0.11784532629584618,0.1843369317381615,0.38705030492215464,0.28849026417265305,0.4355429098462569,0.2782364861125776,0.2674059812904388,0.2982268092983932
57,0,24.138686131386862,279.46715328467155,3768.5474452554745,0.6609,0.529981481,AMG1608,Aqua,Barbie Girl,0.06168446026097272,0.09430604982206406,0.051008303677342826,0.06524317912218268,0.099644128113879,0.12099644128113879,0.18505338078291814,0.07176749703440095,0.04922894424673784,0.11447212336892053,0.0,0.0,0.0,0.0,0.0,0.0,0.0,0.0,0.0,0.0,1.0,1.0,1.0,1.0,1.0,1.0,1.0,1.0,1.0,1.0,0.24065293986895736,0.29234074066370774,0.22007995024704308,0.24702773219364635,0.2996137835182251,0.32621989814507785,0.3884560820898536,0.2581791212897225,0.21640987272618925,0.318478281116479
58,0,1.0,1.0,3.75,0.521985185,0.164840741,AMG1608,The Jam,''A'' Bomb in Wardour Street,0.14285714285714285,0.14285714285714285,0.10714285714285714,0.14285714285714285,0.03571428571428571,0.25,0.14285714285714285,0.07142857142857142,0.10714285714285714,0.07142857142857142,0.0,0.0,0.0,0.0,0.0,0.0,0.0,0.0,0.0,0.0,1.0,1.0,1.0,1.0,1.0,1.0,1.0,1.0,1.0,1.0,0.35634832254989923,0.3563483225498992,0.314970394174356,0.35634832254989923,0.18898223650461365,0.44095855184409843,0.35634832254989923,0.262265264156481,0.314970394174356,0.26226526415648105
59,0,2.1,2.5,13.2,-0.486177778,-0.079907407,AMG1608,The Everly Brothers,Love Hurts,0.036619718309859155,0.10422535211267606,0.011267605633802818,0.03943661971830986,0.09859154929577464,0.10985915492957747,0.2507042253521127,0.04788732394366197,0.05070422535211268,0.14929577464788732,0.0,0.0,0.0,0.0,0.0,0.0,0.0,0.0,0.0,0.0,1.0,1.0,1.0,1.0,1.0,1.0,1.0,1.0,1.0,1.0,0.1880913924837447,0.3059839272939584,0.10569823768855137,0.19490608577216692,0.29853359015051867,0.31315549538115955,0.43403026510520404,0.21382919613876297,0.21970270065934833,0.3568827845031914
60,0,3.3157894736842106,5.894736842105263,80.0,0.094077419,0.259216129,AMG1608,Stevie Wonder,My Cherie Amour,0.041025641025641026,0.13846153846153847,0.005128205128205128,0.03076923076923077,0.11794871794871795,0.08717948717948718,0.2717948717948718,0.05128205128205128,0.07179487179487179,0.1282051282051282,0.0,0.0,0.0,0.0,0.0,0.0,0.0,0.0,0.0,0.0,1.0,1.0,1.0,1.0,1.0,1.0,1.0,1.0,1.0,1.0,0.19886008747532827,0.3462727789339073,0.0716114874039433,0.17313638946695362,0.3233776277668269,0.2828240201630317,0.4460298623611382,0.221140197719268,0.2588124325284586,0.33517860906323654
61,0,1.8571428571428572,3.142857142857143,8.142857142857142,-0.187719355,-0.107296774,AMG1608,Boy George,The Crying Game,0.03571428571428571,0.07142857142857142,0.0,0.10714285714285714,0.10714285714285714,0.07142857142857142,0.10714285714285714,0.07142857142857142,0.07142857142857142,0.07142857142857142,0.0,0.0,0.0,0.0,0.0,0.0,0.0,0.0,0.0,0.0,1.0,1.0,0.0,1.0,1.0,1.0,1.0,1.0,1.0,1.0,0.18898223650461363,0.26226526415648105,0.0,0.314970394174356,0.314970394174356,0.262265264156481,0.314970394174356,0.262265264156481,0.26226526415648105,0.262265264156481
62,0,1.0,1.0,6.0,0.249133333,0.412993333,AMG1608,Asleep at the Wheel,Choo Choo Ch''Boogie,0.0,0.16666666666666666,0.0,0.0,0.0,0.08333333333333333,0.08333333333333333,0.0,0.0,0.08333333333333333,0.0,0.0,0.0,0.0,0.0,0.0,0.0,0.0,0.0,0.0,0.0,1.0,0.0,0.0,0.0,1.0,1.0,0.0,0.0,1.0,0.0,0.38924947208076144,0.0,0.0,0.0,0.28867513459481287,0.28867513459481287,0.0,0.0,0.28867513459481287
63,0,1.6842105263157894,4.052631578947368,15.68421052631579,-0.228276667,-0.32519,AMG1608,The Flying Burrito Brothers,Wild Horses,0.012084592145015106,0.1027190332326284,0.006042296072507553,0.021148036253776436,0.06646525679758308,0.0755287009063444,0.22658610271903323,0.04229607250755287,0.015105740181268883,0.09365558912386707,0.0,0.0,0.0,0.0,0.0,0.0,0.0,0.0,0.0,0.0,1.0,1.0,1.0,1.0,1.0,1.0,1.0,1.0,1.0,1.0,0.1094291195999678,0.30405119619788634,0.07761434200203624,0.14409554643953354,0.24947073885894472,0.2646425976232702,0.41925634848583304,0.2015685084297363,0.12215825923892257,0.2917900694987082
64,0,4.447761194029851,18.82089552238806,175.8507462686567,0.032836667,-0.18729,AMG1608,Jeff Buckley,Last Goodbye,0.040345821325648415,0.1440922190201729,0.03170028818443804,0.040345821325648415,0.1440922190201729,0.0893371757925072,0.2420749279538905,0.06340057636887608,0.043227665706051875,0.12103746397694524,0.0,0.0,0.0,0.0,0.0,0.0,0.0,0.0,0.0,0.0,1.0,1.0,1.0,1.0,1.0,1.0,1.0,1.0,1.0,1.0,0.1970531346247407,0.35169034038101765,0.17545396799249022,0.1970531346247407,0.35169034038101765,0.28564169494564823,0.4289579592288278,0.2440339413039452,0.20366288175759228,0.32664181348219534
65,0,4.5,13.706896551724139,93.37931034482759,-0.46997,-0.289746667,AMG1608,Willie Nelson,Blue Eyes Crying in the Rain,0.07476635514018691,0.12461059190031153,0.07165109034267912,0.06542056074766354,0.1308411214953271,0.13707165109034267,0.21806853582554517,0.07476635514018691,0.04984423676012461,0.16822429906542055,0.0,0.0,0.0,0.0,0.0,0.0,0.0,0.0,0.0,0.0,1.0,1.0,1.0,1.0,1.0,1.0,1.0,1.0,1.0,1.0,0.2634246066040262,0.33079249691076884,0.2583119778129151,0.2476525301726889,0.3377530204213403,0.3444599366763541,0.4135789015268574,0.2634246066040262,0.21796281371370155,0.3746493687872839
66,0,1.0,1.0,1.0,-0.15528,-0.056813333,AMG1608,Five for Fighting,Superman (It''s Not Easy),,,,,,,,,,,,,,,,,,,,,,,,,,,,,,,,,,,,,,,,
67,0,7.489795918367347,46.59183673469388,160.81632653061226,-0.328996667,0.2584,AMG1608,John Denver,Sunshine on My Shoulders,0.03908045977011494,0.14482758620689656,0.0367816091954023,0.04367816091954023,0.18850574712643678,0.11494252873563218,0.2942528735632184,0.07816091954022988,0.06436781609195402,0.15862068965517243,0.0,0.0,0.0,0.0,0.0,0.0,0.0,0.0,0.0,0.0,1.0,1.0,1.0,1.0,1.0,1.0,1.0,1.0,1.0,1.0,0.19400955000431208,0.3523321317088221,0.18844191524543485,0.2046133531603958,0.391565829625145,0.31931981845640045,0.45623088226825675,0.26873371233735815,0.24568957386048126,0.3657426395333133
68,0,3.814814814814815,18.537037037037038,81.5925925925926,0.173276667,0.17253,AMG1608,The Beach Boys,Don''t Worry Baby,0.04406779661016949,0.10508474576271186,0.04067796610169491,0.06779661016949153,0.1694915254237288,0.1288135593220339,0.2847457627118644,0.08813559322033898,0.06440677966101695,0.12542372881355932,0.0,0.0,0.0,0.0,0.0,0.0,0.0,0.0,0.0,0.0,1.0,1.0,1.0,1.0,1.0,1.0,1.0,1.0,1.0,1.0,0.20559453065255456,0.30718367880084196,0.19787875425018292,0.2518237411109394,0.37582301400141443,0.33556270511965436,0.452060121566696,0.28397371354989354,0.24589328465184454,0.3317615426834999
69,0,8.222222222222221,84.80701754385964,373.7134502923977,-0.487003333,-0.111896667,AMG1608,Lou Reed,Perfect Day,0.054929577464788736,0.12394366197183099,0.057746478873239436,0.056338028169014086,0.13802816901408452,0.14084507042253522,0.24084507042253522,0.09577464788732394,0.04225352112676056,0.12816901408450704,0.0,0.0,0.0,0.0,0.0,0.0,0.0,0.0,0.0,0.0,1.0,1.0,1.0,1.0,1.0,1.0,1.0,1.0,1.0,1.0,0.2280033728961205,0.3297495689212927,0.2334278636158649,0.2307358648183129,0.34517271373668773,0.34810689504466813,0.42789789087816044,0.29448940762621095,0.20130881471110737,0.3345135611493511
70,0,1.6666666666666667,2.1666666666666665,16.083333333333332,0.243116667,0.20867,AMG1608,The Shirelles,Will You Love Me Tomorrow,0.045454545454545456,0.09090909090909091,0.011363636363636364,0.03409090909090909,0.045454545454545456,0.125,0.20454545454545456,0.045454545454545456,0.03409090909090909,0.07954545454545454,0.0,0.0,0.0,0.0,0.0,0.0,0.0,0.0,0.0,0.0,1.0,1.0,1.0,1.0,1.0,1.0,1.0,1.0,1.0,1.0,0.20949259494173822,0.2891272494131036,0.10660035817780524,0.18250263020391777,0.20949259494173825,0.3326141667278259,0.40568066568156413,0.20949259494173822,0.18250263020391777,0.272138863686403
71,0,3.3529411764705883,35.029411764705884,61.205882352941174,0.46448,-0.399116667,AMG1608,Quiet Riot,Bang Your Head (Metal Health),0.06741573033707865,0.0853932584269663,0.04269662921348315,0.07415730337078652,0.0651685393258427,0.12808988764044943,0.14831460674157304,0.0696629213483146,0.058426966292134834,0.0898876404494382,0.0,0.0,0.0,0.0,0.0,0.0,0.0,0.0,0.0,0.0,1.0,1.0,1.0,1.0,1.0,1.0,1.0,1.0,1.0,1.0,0.2510228090291799,0.27978054535305424,0.2023998141943552,0.26232162102574896,0.2471008126668332,0.33456599695191497,0.3558115832595365,0.2548646056304371,0.2348130312217396,0.286342634729819
72,0,4.647058823529412,27.705882352941178,60.411764705882355,0.32142069,0.214558621,AMG1608,Ornette Coleman,Free Jazz,0.0189873417721519,0.08227848101265822,0.00949367088607595,0.02531645569620253,0.08544303797468354,0.08544303797468354,0.18670886075949367,0.0189873417721519,0.04113924050632911,0.07278481012658228,0.0,0.0,0.0,0.0,0.0,0.0,0.0,0.0,0.0,0.0,1.0,1.0,1.0,1.0,1.0,1.0,1.0,1.0,1.0,1.0,0.1366965815037675,0.27522435000749923,0.0971256588683382,0.15733361939471954,0.2799832079697408,0.2799832079697408,0.39029568447276364,0.1366965815037675,0.19892720111684886,0.26019497797264657
73,0,1.0,1.0,3.0,0.218544828,0.079113793,AMG1608,Archie Shepp,Hambone,,,,,,,,,,,,,,,,,,,,,,,,,,,,,,,,,,,,,,,,
74,0,5.819444444444445,16.5,38.013888888888886,-0.306210345,-0.318451724,AMG1608,The Beach Boys,Caroline No,0.05636070853462158,0.12399355877616747,0.030595813204508857,0.03542673107890499,0.1497584541062802,0.10628019323671498,0.27053140096618356,0.0644122383252818,0.05958132045088567,0.14814814814814814,0.0,0.0,0.0,0.0,0.0,0.0,0.0,0.0,0.0,0.0,1.0,1.0,1.0,1.0,1.0,1.0,1.0,1.0,1.0,1.0,0.23080285960550362,0.3298398828909877,0.17235877598736257,0.18500484699955613,0.35712215260896096,0.3084443465416589,0.44459246405335545,0.24568374132857806,0.2369003163961082,0.355533153416129
75,0,5.368932038834951,52.22330097087379,188.6990291262136,0.607996552,0.251793103,AMG1608,The Bangles,Walk Like an Egyptian,0.05714285714285714,0.09142857142857143,0.03428571428571429,0.06857142857142857,0.08285714285714285,0.11142857142857143,0.2714285714285714,0.05142857142857143,0.05714285714285714,0.13142857142857142,0.0,0.0,0.0,0.0,0.0,0.0,0.0,0.0,0.0,0.0,1.0,1.0,1.0,1.0,1.0,1.0,1.0,1.0,1.0,1.0,0.2324476886472081,0.2886302287069994,0.182222599384834,0.2530857455425082,0.2760608237096108,0.31511259512339895,0.44533328594550325,0.22118647058246346,0.2324476886472081,0.3383521745515186
76,0,4.966666666666667,53.06666666666667,25.133333333333333,-0.032544828,0.05487931,AMG1608,Loretta Lynn,Coal Miner''s Daughter,0.02586206896551724,0.12931034482758622,0.008620689655172414,0.0,0.10344827586206896,0.09482758620689655,0.2672413793103448,0.05172413793103448,0.0603448275862069,0.12931034482758622,0.0,0.0,0.0,0.0,0.0,0.0,0.0,0.0,0.0,0.0,1.0,1.0,1.0,0.0,1.0,1.0,1.0,1.0,1.0,1.0,0.15941233908663865,0.3369988366330869,0.09284766908852592,0.0,0.30586471419290234,0.2942477003230905,0.44443923868348906,0.22243035397358787,0.2391576923268421,0.3369988366330869
77,0,2.0,1.6666666666666667,19.666666666666668,0.405593103,0.012624138,AMG1608,The Small Faces,Lazy Sunday,0.0,0.08333333333333333,0.0,0.0,0.3333333333333333,0.08333333333333333,0.5833333333333334,0.16666666666666666,0.08333333333333333,0.08333333333333333,0.0,0.0,0.0,0.0,0.0,0.0,0.0,0.0,0.0,0.0,0.0,1.0,0.0,0.0,1.0,1.0,1.0,1.0,1.0,1.0,0.0,0.28867513459481287,0.0,0.0,0.49236596391733095,0.28867513459481287,0.5149286505444373,0.38924947208076144,0.28867513459481287,0.28867513459481287
79,0,29.57894736842105,84.08771929824562,5168.105263157895,0.575058621,0.513182759,AMG1608,Bobby Darin,Splish Splash,0.07335907335907337,0.09652509652509653,0.03861003861003861,0.023166023166023165,0.09652509652509653,0.11196911196911197,0.1969111969111969,0.03861003861003861,0.05791505791505792,0.10810810810810811,0.0,0.0,0.0,0.0,0.0,0.0,0.0,0.0,0.0,0.0,1.0,1.0,1.0,1.0,1.0,1.0,1.0,1.0,1.0,1.0,0.2612297809851637,0.29588176317335935,0.19303672396220498,0.15072182731342246,0.2958817631733593,0.3159389583429381,0.39843457711208297,0.19303672396220495,0.23403499813868803,0.31111809476064256
80,0,4.048192771084337,41.373493975903614,51.0,0.087044828,-0.030613793,AMG1608,Bruce Springsteen,Darkness on the Edge of Town,0.05789473684210526,0.11842105263157894,0.031578947368421054,0.04473684210526316,0.13421052631578947,0.10263157894736842,0.24736842105263157,0.05789473684210526,0.05789473684210526,0.13421052631578947,0.0,0.0,0.0,0.0,0.0,0.0,0.0,0.0,0.0,0.0,1.0,1.0,1.0,1.0,1.0,1.0,1.0,1.0,1.0,1.0,0.2338521948768992,0.3235320109179288,0.17510684737864776,0.20699810512567846,0.3413277781424307,0.3038771815723418,0.43205152269301467,0.23385219487689918,0.2338521948768992,0.34132777814243065
81,0,1.3333333333333333,11.333333333333334,154.11111111111111,0.224351724,-0.117262069,AMG1608,Gene,For the Dead,0.07142857142857142,0.14285714285714285,0.09523809523809523,0.09523809523809523,0.07142857142857142,0.19047619047619047,0.16666666666666666,0.11904761904761904,0.07142857142857142,0.11904761904761904,0.0,0.0,0.0,0.0,0.0,0.0,0.0,0.0,0.0,0.0,1.0,1.0,1.0,1.0,1.0,1.0,1.0,1.0,1.0,1.0,0.26066118021500656,0.3541688016605732,0.29710175718617465,0.29710175718617465,0.26066118021500656,0.3974366179316375,0.3771954702329121,0.32777006756156785,0.26066118021500656,0.3277700675615679
82,0,2.1714285714285713,19.6,25.65714285714286,-0.396989655,-0.28627931,AMG1608,Little Feat,Sailin'' Shoes,0.02040816326530612,0.05442176870748299,0.02040816326530612,0.013605442176870748,0.10884353741496598,0.08843537414965986,0.2925170068027211,0.07482993197278912,0.06802721088435375,0.1292517006802721,0.0,0.0,0.0,0.0,0.0,0.0,0.0,0.0,0.0,0.0,1.0,1.0,1.0,1.0,1.0,1.0,1.0,1.0,1.0,1.0,0.14187529518897737,0.22762360559539407,0.14187529518897737,0.11624222217746526,0.31250757143003693,0.2848977242110697,0.4564737438433635,0.26401627632862656,0.25265342404003527,0.33662525083616723
83,0,1.4285714285714286,10.428571428571429,4.571428571428571,0.205075862,0.162658621,AMG1608,Sam Cooke,Touch the Hem of His Garment,0.0639269406392694,0.1141552511415525,0.0273972602739726,0.0730593607305936,0.0821917808219178,0.1095890410958904,0.228310502283105,0.0776255707762557,0.045662100456621,0.1232876712328767,0.0,0.0,0.0,0.0,0.0,0.0,0.0,0.0,0.0,0.0,1.0,1.0,1.0,1.0,1.0,1.0,1.0,1.0,1.0,1.0,0.24518316342822313,0.31872825503422414,0.16361198838946076,0.26083009890892034,0.27528590596664826,0.31309246966072274,0.42070536490934846,0.2681944838694457,0.20922946223933747,0.32952031356069555
85,0,15.065656565656566,104.24747474747475,380.030303030303,0.345626923,-0.300473077,AMG1608,Dr. Dre,Let Me Ride,0.049653579676674366,0.10969976905311778,0.04041570438799076,0.04676674364896074,0.10161662817551963,0.11143187066974596,0.2090069284064665,0.06408775981524249,0.03521939953810624,0.11200923787528869,0.0,0.0,0.0,0.0,0.0,0.0,0.0,0.0,0.0,0.0,1.0,1.0,1.0,1.0,1.0,1.0,1.0,1.0,1.0,1.0,0.21729096231495343,0.3126054242783053,0.19698903466014994,0.21119983194759728,0.30223075249448805,0.31475706473124904,0.40671678048055854,0.2449799372354725,0.18438715552962756,0.31546890251343235
86,0,4.243243243243243,47.351351351351354,29.414414414414413,-0.027161538,-0.180323077,AMG1608,R.E.M.,Fall on Me,0.06347554630593132,0.12070759625390219,0.03954214360041623,0.04266389177939646,0.12278876170655567,0.11966701352757544,0.24245577523413112,0.07284079084287201,0.04058272632674298,0.12382934443288242,0.0,0.0,0.0,0.0,0.0,0.0,0.0,0.0,0.0,0.0,1.0,1.0,1.0,1.0,1.0,1.0,1.0,1.0,1.0,1.0,0.24394328164926082,0.32595679486600704,0.19498236710657588,0.2022034362267902,0.32836546921619086,0.3247407514790466,0.4287916699508237,0.26001030556699206,0.19742423038466192,0.32955827129610016
87,0,1.7777777777777777,1.7777777777777777,12.11111111111111,0.252053846,0.141223077,AMG1608,Fats Domino,The Fat Man,0.0,0.10344827586206896,0.034482758620689655,0.034482758620689655,0.06896551724137931,0.06896551724137931,0.13793103448275862,0.034482758620689655,0.034482758620689655,0.10344827586206896,0.0,0.0,0.0,0.0,0.0,0.0,0.0,0.0,0.0,0.0,0.0,1.0,1.0,1.0,1.0,1.0,1.0,1.0,1.0,1.0,0.0,0.3099340466946034,0.18569533817705192,0.18569533817705192,0.25788071477756375,0.25788071477756375,0.3509312031717982,0.18569533817705192,0.18569533817705192,0.3099340466946034
89,0,3.111111111111111,6.0,15.666666666666666,0.440703846,0.248788462,AMG1608,Buzzcocks,Everybody''s Happy Nowadays,0.0,0.047619047619047616,0.0,0.0,0.07142857142857142,0.023809523809523808,0.14285714285714285,0.023809523809523808,0.07142857142857142,0.023809523809523808,0.0,0.0,0.0,0.0,0.0,0.0,0.0,0.0,0.0,0.0,0.0,1.0,0.0,0.0,1.0,1.0,1.0,1.0,1.0,1.0,0.0,0.21554026870452114,0.0,0.0,0.26066118021500656,0.15430334996209188,0.3541688016605732,0.15430334996209188,0.26066118021500656,0.15430334996209188
90,0,1.8,2.1,9.7,-0.377388462,0.269284615,AMG1608,Johnny Ace,Pledging My Love,0.02631578947368421,0.13157894736842105,0.013157894736842105,0.013157894736842105,0.05263157894736842,0.14473684210526316,0.13157894736842105,0.013157894736842105,0.05263157894736842,0.10526315789473684,0.0,0.0,0.0,0.0,0.0,0.0,0.0,0.0,0.0,0.0,1.0,1.0,1.0,1.0,1.0,1.0,1.0,1.0,1.0,1.0,0.16113631583445662,0.34027852368936023,0.1147078669352809,0.1147078669352809,0.2247805947796066,0.3541731165563361,0.34027852368936023,0.1147078669352809,0.22478059477960657,0.30893137828849315
91,0,3.7551020408163267,40.36734693877551,100.26530612244898,0.453707692,-0.392992308,AMG1608,Bikini Kill,Suck My Left One,0.05185185185185185,0.1111111111111111,0.037037037037037035,0.05925925925925926,0.1111111111111111,0.13333333333333333,0.2074074074074074,0.044444444444444446,0.06666666666666667,0.14814814814814814,0.0,0.0,0.0,0.0,0.0,0.0,0.0,0.0,0.0,0.0,1.0,1.0,1.0,1.0,1.0,1.0,1.0,1.0,1.0,1.0,0.2225536500308801,0.3154401489382559,0.18955593855614655,0.23698866283617884,0.3154401489382559,0.34120068940106374,0.4069599029772934,0.20684793847592797,0.2503728562847401,0.3565698633375721
92,0,5.476190476190476,21.61904761904762,87.52380952380952,-0.083103846,0.175392308,AMG1608,Scott Walker,Montague Terrace (In Blue),0.033003300330033,0.1353135313531353,0.036303630363036306,0.0594059405940594,0.1353135313531353,0.11221122112211221,0.297029702970297,0.07920792079207921,0.052805280528052806,0.1254125412541254,0.0,0.0,0.0,0.0,0.0,0.0,0.0,0.0,0.0,0.0,1.0,1.0,1.0,1.0,1.0,1.0,1.0,1.0,1.0,1.0,0.1789406557136121,0.34262400575500757,0.18735400555465276,0.23677393771377483,0.34262400575500757,0.31614827229062153,0.4577056470917884,0.2705097585549866,0.22401451223944846,0.33173397261046084
93,0,3.6153846153846154,7.5,24.076923076923077,-0.275946154,0.202230769,AMG1608,The Beach Boys,In My Room,0.0078125,0.1171875,0.015625,0.0234375,0.140625,0.03125,0.265625,0.0078125,0.046875,0.1484375,0.0,0.0,0.0,0.0,0.0,0.0,0.0,0.0,0.0,0.0,1.0,1.0,1.0,1.0,1.0,1.0,1.0,1.0,1.0,1.0,0.08838834764831845,0.32290740609869234,0.12450690143095285,0.1518828677363284,0.3490002594588752,0.1746763035549529,0.4434008690887529,0.08838834764831845,0.21220162006698987,0.3569301250570318
94,0,-1.0,2.0,6.0,-0.443261538,0.358219231,AMG1608,Frank Sinatra,The Christmas Song,0.0,0.5,0.0,0.0,0.0,0.5,0.0,0.0,0.0,0.0,0.0,0.0,0.0,0.0,0.0,0.0,0.0,0.0,0.0,0.0,0.0,1.0,0.0,0.0,0.0,1.0,0.0,0.0,0.0,0.0,0.0,0.7071067811865476,0.0,0.0,0.0,0.7071067811865476,0.0,0.0,0.0,0.0
95,0,1.6153846153846154,4.153846153846154,23.692307692307693,0.098419231,-0.029415385,AMG1608,Liz Phair,Fuck and Run,0.045871559633027525,0.09174311926605505,0.027522935779816515,0.03669724770642202,0.09174311926605505,0.0963302752293578,0.23394495412844038,0.03669724770642202,0.03669724770642202,0.12844036697247707,0.0,0.0,0.0,0.0,0.0,0.0,0.0,0.0,0.0,0.0,1.0,1.0,1.0,1.0,1.0,1.0,1.0,1.0,1.0,1.0,0.20968798857224366,0.28932734331269494,0.1639779459336889,0.1884501672123002,0.28932734331269494,0.2957226891004,0.4243118980393312,0.18845016721230018,0.18845016721230015,0.3353495303223524
96,0,2.6,5.72,21.4,0.380261538,0.457319231,AMG1608,The McCoys,Hang on Sloopy,0.0625,0.171875,0.046875,0.078125,0.03125,0.109375,0.1875,0.078125,0.03125,0.078125,0.0,0.0,0.0,0.0,0.0,0.0,0.0,0.0,0.0,0.0,1.0,1.0,1.0,1.0,1.0,1.0,1.0,1.0,1.0,1.0,0.2439750182371333,0.38025419651629616,0.21304202581158665,0.27048970875004197,0.17536809360305042,0.3145764348029479,0.3933978962347216,0.27048970875004197,0.17536809360305042,0.27048970875004197
97,0,9.012987012987013,64.35714285714286,276.15584415584414,-0.159407692,-0.303065385,AMG1608,The Beatles,Revolution 9,0.055855855855855854,0.10540540540540541,0.04234234234234234,0.05675675675675676,0.09009009009009009,0.14144144144144144,0.2126126126126126,0.07027027027027027,0.047747747747747746,0.1,0.0,0.0,0.0,0.0,0.0,0.0,0.0,0.0,0.0,0.0,1.0,1.0,1.0,1.0,1.0,1.0,1.0,1.0,1.0,1.0,0.22974666908130742,0.30721349752839916,0.20145975374858813,0.23148153473581173,0.28643984129129446,0.34863341824749144,0.40934025458624035,0.2557171688425802,0.21332814943457573,0.3001352265112621
98,0,5.438709677419355,68.92903225806451,256.4129032258065,-0.091830769,0.005896154,AMG1608,Neil Young,Down by the River,0.03654970760233918,0.10087719298245613,0.03070175438596491,0.03654970760233918,0.1067251461988304,0.09210526315789473,0.2222222222222222,0.04678362573099415,0.049707602339181284,0.1154970760233918,0.0,0.0,0.0,0.0,0.0,0.0,0.0,0.0,0.0,0.0,1.0,1.0,1.0,1.0,1.0,1.0,1.0,1.0,1.0,1.0,0.1877907986445323,0.30138643441033425,0.17263466599502367,0.1877907986445323,0.30898943659770683,0.2893861034471169,0.41604394657186816,0.2113296259408624,0.21749923518644362,0.3198547689153314
99,0,1.4,1.2,9.4,0.148915385,0.068423077,AMG1608,The Buckinghams,Kind of a Drag,0.0,0.16666666666666666,0.08333333333333333,0.0,0.08333333333333333,0.08333333333333333,0.16666666666666666,0.08333333333333333,0.0,0.08333333333333333,0.0,0.0,0.0,0.0,0.0,0.0,0.0,0.0,0.0,0.0,0.0,1.0,1.0,0.0,1.0,1.0,1.0,1.0,0.0,1.0,0.0,0.38924947208076144,0.28867513459481287,0.0,0.28867513459481287,0.28867513459481287,0.38924947208076155,0.28867513459481287,0.0,0.28867513459481287
