query_index,,score,submission.n_comments,submission.score,arousal,valence,dataset,artist_name,song_name,min.Sentiment,max.Sentiment,mean.Sentiment,std.Sentiment
0,0,2.357142857142857,10.214285714285714,30.0,-0.335959375,0.15131875,AMG1608,Ben Webster,Chelsea Bridge,-1.0,1.0,0.5769230769230769,0.6433087546786177
1,0,1.4444444444444444,1.4444444444444444,18.555555555555557,-0.261853125,0.049584375,AMG1608,Leadbelly,Goodnight Irene,-1.0,1.0,0.38461538461538464,0.7679476477883045
2,0,1.5,1.0,4.0,-0.2660375,0.11059375,AMG1608,Ray Charles,How Long Blues,1.0,1.0,1.0,
3,0,2.0,1.5,9.5,0.149390625,0.026140625,AMG1608,The Kinks,Two Sisters,-1.0,0.0,-0.5,0.7071067811865476
4,0,3.3714285714285714,5.142857142857143,75.02857142857142,0.544234375,0.53096875,AMG1608,Adam Ant,Goody Two Shoes,-1.0,1.0,0.576271186440678,0.6486960350423013
5,0,1.8,2.8666666666666667,12.533333333333333,0.5519375,0.413565625,AMG1608,Sam the Sham & the Pharaohs,Wooly Bully,-1.0,1.0,0.2608695652173913,0.8100163468803816
6,0,9.456692913385826,51.30708661417323,578.7716535433071,0.483128125,0.4211,AMG1608,Elvis Presley,Viva Las Vegas,-1.0,1.0,0.3333333333333333,0.7349043394794006
8,0,11.931899641577061,267.5448028673835,948.2222222222222,0.523778125,0.441253125,AMG1608,ABBA,Take a Chance on Me,-1.0,1.0,0.26520681265206814,0.8206072371189589
9,0,2.0,1.5,15.0,0.361746875,0.297725,AMG1608,John Coltrane,Cousin Mary,,,,
10,0,2.7962962962962963,25.537037037037038,44.7962962962963,-0.32401875,-0.3600875,AMG1608,Nico,Chelsea Girls,-1.0,1.0,0.24705882352941178,0.8070440233229459
11,0,1.0,1.0,7.0,0.575321875,-0.2081625,AMG1608,Pussy Galore,Dick Johnson,0.0,0.0,0.0,
12,0,4.013698630136986,19.34246575342466,110.79452054794521,0.536174194,0.011248387,AMG1608,Red Hot Chili Peppers,Give It Away,-1.0,1.0,0.3333333333333333,0.7680350486476086
13,0,2.52,12.96,17.48,0.357346667,0.444516667,AMG1608,Louis Armstrong,Heebie Jeebies,-1.0,1.0,0.3140495867768595,0.7749522334875407
14,0,2.2857142857142856,4.142857142857143,11.714285714285714,-0.36216,-0.211066667,AMG1608,Roberta Flack,The First Time Ever I Saw Your Face,-1.0,1.0,0.42857142857142855,0.9759000729485333
15,0,6.032967032967033,99.91208791208791,883.0,0.417813793,0.244262069,AMG1608,The Dead Milkmen,Punk Rock Girl,-1.0,1.0,0.1969309462915601,0.8172849670565145
16,0,1.0,1.0,9.0,-0.48002,-0.02614,AMG1608,Duke Ellington,After All,1.0,1.0,1.0,0.0
18,0,1.1666666666666667,1.0,5.666666666666667,0.428216667,0.290823333,AMG1608,Little Jimmy Dickens,May the Bird of Paradise Fly up Your Nose,-1.0,1.0,0.25,1.0350983390135313
19,0,1.0,1.0,11.0,0.51092069,0.358775862,AMG1608,MC5,High School,-1.0,-1.0,-1.0,
20,0,10.232558139534884,156.70542635658916,2489.8682170542634,0.415489655,0.354517241,AMG1608,The Allman Brothers Band,Ramblin'' Man,-1.0,1.0,0.3079470198675497,0.7910649854071844
21,0,1.875,4.125,30.0,-0.220451724,-0.213693103,AMG1608,Bobby Bare,500 Miles Away from Home,-1.0,1.0,0.2777777777777778,0.8947924869885987
22,0,1.5,1.0,6.0,0.453658621,-0.142351724,AMG1608,Kevin Ayers,Stranger in Blue Suede Shoes,-1.0,1.0,0.25,0.8506963092234007
24,0,5.25,32.52272727272727,447.8181818181818,-0.096996296,0.195296296,AMG1608,James Taylor,Carolina in My Mind,-1.0,1.0,0.3458646616541353,0.7886036065168848
25,0,5.297297297297297,158.45945945945945,1204.3513513513512,0.209333333,-0.080992593,AMG1608,Soft Cell,Tainted Love,-1.0,1.0,0.3850574712643678,0.7329272934178497
26,0,2.1666666666666665,3.3333333333333335,29.666666666666668,0.232566667,-0.247937037,AMG1608,Adam Ant,Desperate But Not Serious,-1.0,1.0,0.3484848484848485,0.8502022246758845
27,0,4.97887323943662,40.563380281690144,208.9718309859155,-0.200874074,0.087755556,AMG1608,Neil Young,Harvest Moon,-1.0,1.0,0.3072463768115942,0.7876811051588926
28,0,7.892857142857143,33.583333333333336,82.22619047619048,-0.47532963,-0.348396296,AMG1608,Tori Amos,Me and a Gun,-1.0,1.0,0.23785166240409208,0.7727403706961605
29,0,9.97872340425532,98.35460992907801,100.90780141843972,0.201381481,0.197659259,AMG1608,Sylvia,Nobody,-1.0,1.0,0.23067331670822944,0.824852157046568
30,0,14.067796610169491,71.71751412429379,583.4802259887006,0.335448148,0.263133333,AMG1608,Cocteau Twins,Heaven or Las Vegas,-1.0,1.0,0.39870689655172414,0.7482726315878702
31,0,2.5,5.233333333333333,59.43333333333333,0.175744444,0.239377778,AMG1608,P.M. Dawn,Set Adrift on Memory Bliss,-1.0,1.0,0.22857142857142856,0.7876101004492454
32,0,1.0,1.0,4.0,-0.280896296,0.194459259,AMG1608,Lefty Frizzell,Look What Thoughts Will Do,-1.0,1.0,0.125,0.9910312089651149
33,0,2.5714285714285716,3.857142857142857,31.904761904761905,-0.455003704,0.03887037,AMG1608,Mojave 3,Love Songs on the Radio,-1.0,1.0,0.4807692307692308,0.7538238368968618
34,0,7.959183673469388,112.59183673469387,63.38095238095238,0.068237037,0.109311111,AMG1608,Bob Dylan,Forever Young,-1.0,1.0,0.28051001821493626,0.7627283159371356
35,0,3.2580645161290325,17.258064516129032,22.20967741935484,0.561237037,-0.01162963,AMG1608,Kiss,Rock and Roll All Nite,-1.0,1.0,0.37109375,0.7349699040123491
37,0,6.041666666666667,607.7303921568628,7306.737745098039,0.605448148,0.071766667,AMG1608,Judas Priest,Living After Midnight,-1.0,1.0,0.3241551939924906,0.736424883448227
38,0,6.671532846715328,84.11313868613139,708.543795620438,0.540433333,-0.019325926,AMG1608,Public Enemy,Bring the Noise,-1.0,1.0,0.273015873015873,0.8278165486515806
39,0,27.231155778894472,362.3467336683417,6241.326633165829,-0.214459259,0.347488889,AMG1608,The Rolling Stones,You Can''t Always Get What You Want,-1.0,1.0,0.19047619047619047,0.8043909171213086
40,0,6.847619047619047,27.504761904761907,86.78095238095239,-0.197988889,0.124544444,AMG1608,Big Star,Thirteen,-1.0,1.0,0.2606060606060606,0.7964773381368888
42,0,4.294117647058823,22.254901960784313,56.96078431372549,0.164881481,-0.073181481,AMG1608,Morrissey,Everyday Is Like Sunday,-1.0,1.0,0.14285714285714285,0.8716308047219647
43,0,1.7142857142857142,2.642857142857143,13.214285714285714,0.367981481,0.157955556,AMG1608,Urge Overkill,Sister Havana,-1.0,1.0,0.047619047619047616,0.9206622874969125
44,0,42.97802197802198,666.0842490842491,4731.208791208791,0.476725926,-0.085274074,AMG1608,The Clash,London Calling,-1.0,1.0,0.2125748502994012,0.8120294704970686
45,0,3.263157894736842,11.052631578947368,26.105263157894736,-0.482544444,-0.298092593,AMG1608,The Jesus and Mary Chain,Taste of Cindy,-1.0,1.0,0.33962264150943394,0.7830756969602692
46,0,8.296296296296296,32.05555555555556,48.166666666666664,-0.3876,-0.222707407,AMG1608,Red House Painters,Down Colorful Hill,-1.0,1.0,0.22355769230769232,0.8098923543158313
47,0,2.891891891891892,9.432432432432432,47.513513513513516,-0.206774074,0.0803,AMG1608,The Carpenters,Rainy Days and Mondays,-1.0,1.0,0.3010752688172043,0.8695944361617427
48,0,107.82222222222222,121.95555555555555,13093.444444444445,0.593237037,0.393033333,AMG1608,T. Rex,20th Century Boy,-1.0,1.0,0.271523178807947,0.7653650530689007
49,0,5.15625,19.59375,67.65625,-0.396103704,0.260225926,AMG1608,The Beach Boys,Surfer Girl,-1.0,1.0,0.32967032967032966,0.7157737857257084
50,0,2.5,10.0,75.0,-0.013066667,0.091477778,AMG1608,The Lemonheads,It''s a Shame About Ray,0.0,1.0,0.6923076923076923,0.48038446141526137
51,0,-1.6,4.2,23.7,-0.201240741,0.222014815,AMG1608,Frank Sinatra,The House I Live In,-1.0,1.0,0.15789473684210525,0.8983415518941831
52,0,4.9144736842105265,34.21052631578947,235.17763157894737,0.471174074,0.425137037,AMG1608,The Who,Won''t Get Fooled Again,-1.0,1.0,0.25934579439252337,0.8071875840454141
55,0,8.636363636363637,15.545454545454545,17.09090909090909,-0.1259,0.022355556,AMG1608,Rod Stewart,Reason to Believe,-1.0,1.0,0.125,0.8345229603962802
56,0,9.142857142857142,40.785714285714285,190.57142857142858,-0.289740741,0.207462963,AMG1608,Barry Manilow,Looks Like We Made It,-1.0,1.0,0.34,0.8233827686279751
57,0,24.138686131386862,279.46715328467155,3768.5474452554745,0.6609,0.529981481,AMG1608,Aqua,Barbie Girl,-1.0,1.0,0.17385786802030456,0.8459346477781756
58,0,1.0,1.0,3.75,0.521985185,0.164840741,AMG1608,The Jam,''A'' Bomb in Wardour Street,-1.0,1.0,-0.1875,0.9105858919765157
59,0,2.1,2.5,13.2,-0.486177778,-0.079907407,AMG1608,The Everly Brothers,Love Hurts,-1.0,1.0,0.3115942028985507,0.7811719124203516
60,0,3.3157894736842106,5.894736842105263,80.0,0.094077419,0.259216129,AMG1608,Stevie Wonder,My Cherie Amour,-1.0,1.0,0.38636363636363635,0.7795049738005064
61,0,1.8571428571428572,3.142857142857143,8.142857142857142,-0.187719355,-0.107296774,AMG1608,Boy George,The Crying Game,-1.0,1.0,-0.05555555555555555,0.8726040960806521
62,0,1.0,1.0,6.0,0.249133333,0.412993333,AMG1608,Asleep at the Wheel,Choo Choo Ch''Boogie,0.0,1.0,0.6,0.5477225575051662
63,0,1.6842105263157894,4.052631578947368,15.68421052631579,-0.228276667,-0.32519,AMG1608,The Flying Burrito Brothers,Wild Horses,-1.0,1.0,0.41964285714285715,0.7550239284692456
64,0,4.447761194029851,18.82089552238806,175.8507462686567,0.032836667,-0.18729,AMG1608,Jeff Buckley,Last Goodbye,-1.0,1.0,0.3406113537117904,0.7534491286872994
65,0,4.5,13.706896551724139,93.37931034482759,-0.46997,-0.289746667,AMG1608,Willie Nelson,Blue Eyes Crying in the Rain,-1.0,1.0,0.3157894736842105,0.785708254570556
66,0,1.0,1.0,1.0,-0.15528,-0.056813333,AMG1608,Five for Fighting,Superman (It''s Not Easy),0.0,0.0,0.0,
67,0,7.489795918367347,46.59183673469388,160.81632653061226,-0.328996667,0.2584,AMG1608,John Denver,Sunshine on My Shoulders,-1.0,1.0,0.4309623430962343,0.7408003809788115
68,0,3.814814814814815,18.537037037037038,81.5925925925926,0.173276667,0.17253,AMG1608,The Beach Boys,Don''t Worry Baby,-1.0,1.0,0.3352941176470588,0.8063660734082824
69,0,8.222222222222221,84.80701754385964,373.7134502923977,-0.487003333,-0.111896667,AMG1608,Lou Reed,Perfect Day,-1.0,1.0,0.19082125603864733,0.8550167022892453
70,0,1.6666666666666667,2.1666666666666665,16.083333333333332,0.243116667,0.20867,AMG1608,The Shirelles,Will You Love Me Tomorrow,-1.0,1.0,0.40625,0.8370214087522955
71,0,3.3529411764705883,35.029411764705884,61.205882352941174,0.46448,-0.399116667,AMG1608,Quiet Riot,Bang Your Head (Metal Health),-1.0,1.0,0.045714285714285714,0.8763635868114321
72,0,4.647058823529412,27.705882352941178,60.411764705882355,0.32142069,0.214558621,AMG1608,Ornette Coleman,Free Jazz,-1.0,1.0,0.192090395480226,0.7814210778275298
73,0,1.0,1.0,3.0,0.218544828,0.079113793,AMG1608,Archie Shepp,Hambone,,,,
74,0,5.819444444444445,16.5,38.013888888888886,-0.306210345,-0.318451724,AMG1608,The Beach Boys,Caroline No,-1.0,1.0,0.3190883190883191,0.7968905790851056
75,0,5.368932038834951,52.22330097087379,188.6990291262136,0.607996552,0.251793103,AMG1608,The Bangles,Walk Like an Egyptian,-1.0,1.0,0.2731707317073171,0.7880928799161061
76,0,4.966666666666667,53.06666666666667,25.133333333333333,-0.032544828,0.05487931,AMG1608,Loretta Lynn,Coal Miner''s Daughter,-1.0,1.0,0.3877551020408163,0.7307623453915623
77,0,2.0,1.6666666666666667,19.666666666666668,0.405593103,0.012624138,AMG1608,The Small Faces,Lazy Sunday,-1.0,1.0,0.125,0.8850612031567836
79,0,29.57894736842105,84.08771929824562,5168.105263157895,0.575058621,0.513182759,AMG1608,Bobby Darin,Splish Splash,-1.0,1.0,0.13675213675213677,0.8294782625447085
80,0,4.048192771084337,41.373493975903614,51.0,0.087044828,-0.030613793,AMG1608,Bruce Springsteen,Darkness on the Edge of Town,-1.0,1.0,0.30120481927710846,0.789062424843093
81,0,1.3333333333333333,11.333333333333334,154.11111111111111,0.224351724,-0.117262069,AMG1608,Gene,For the Dead,-1.0,1.0,0.2692307692307692,0.827414880586145
82,0,2.1714285714285713,19.6,25.65714285714286,-0.396989655,-0.28627931,AMG1608,Little Feat,Sailin'' Shoes,-1.0,1.0,0.582089552238806,0.7416046020611531
83,0,1.4285714285714286,10.428571428571429,4.571428571428571,0.205075862,0.162658621,AMG1608,Sam Cooke,Touch the Hem of His Garment,-1.0,1.0,0.21428571428571427,0.8224475457903635
85,0,15.065656565656566,104.24747474747475,380.030303030303,0.345626923,-0.300473077,AMG1608,Dr. Dre,Let Me Ride,-1.0,1.0,0.29867482161060144,0.7899162169910185
86,0,4.243243243243243,47.351351351351354,29.414414414414413,-0.027161538,-0.180323077,AMG1608,R.E.M.,Fall on Me,-1.0,1.0,0.24624624624624625,0.7848333146298043
87,0,1.7777777777777777,1.7777777777777777,12.11111111111111,0.252053846,0.141223077,AMG1608,Fats Domino,The Fat Man,-1.0,1.0,0.625,0.7440238091428449
89,0,3.111111111111111,6.0,15.666666666666666,0.440703846,0.248788462,AMG1608,Buzzcocks,Everybody''s Happy Nowadays,-1.0,1.0,0.2727272727272727,0.6310850959010189
90,0,1.8,2.1,9.7,-0.377388462,0.269284615,AMG1608,Johnny Ace,Pledging My Love,-1.0,1.0,0.21212121212121213,0.8199685877205813
91,0,3.7551020408163267,40.36734693877551,100.26530612244898,0.453707692,-0.392992308,AMG1608,Bikini Kill,Suck My Left One,-1.0,1.0,0.34328358208955223,0.8081448791123155
92,0,5.476190476190476,21.61904761904762,87.52380952380952,-0.083103846,0.175392308,AMG1608,Scott Walker,Montague Terrace (In Blue),-1.0,1.0,0.24,0.8247838846484811
93,0,3.6153846153846154,7.5,24.076923076923077,-0.275946154,0.202230769,AMG1608,The Beach Boys,In My Room,-1.0,1.0,0.30985915492957744,0.748170135268608
94,0,-1.0,2.0,6.0,-0.443261538,0.358219231,AMG1608,Frank Sinatra,The Christmas Song,0.0,0.0,0.0,
95,0,1.6153846153846154,4.153846153846154,23.692307692307693,0.098419231,-0.029415385,AMG1608,Liz Phair,Fuck and Run,-1.0,1.0,0.32967032967032966,0.8035331017857608
96,0,2.6,5.72,21.4,0.380261538,0.457319231,AMG1608,The McCoys,Hang on Sloopy,-1.0,1.0,0.06896551724137931,0.7987058497862393
97,0,9.012987012987013,64.35714285714286,276.15584415584414,-0.159407692,-0.303065385,AMG1608,The Beatles,Revolution 9,-1.0,1.0,0.19909502262443438,0.8260482281604941
98,0,5.438709677419355,68.92903225806451,256.4129032258065,-0.091830769,0.005896154,AMG1608,Neil Young,Down by the River,-1.0,1.0,0.2538860103626943,0.8076246572341714
99,0,1.4,1.2,9.4,0.148915385,0.068423077,AMG1608,The Buckinghams,Kind of a Drag,-1.0,1.0,0.16666666666666666,0.9831920802501751
