song_name,valence,arousal,val_pred,aro_pred
"""C30",-0.0967675513770449,1.340259525524427,-0.00013249829,-0.0011316752
"""Damn Right",-0.9309603631114935,-0.012343294115456066,-0.00013249829,-0.0011316752
19th Nervous Breakdown,0.697136273810556,0.5738869549745648,-0.00013249829,-0.0011316752
20th Century Boy,1.0908674105427703,1.3042979727184947,-0.00013249829,-0.0011316752
9 to 5,0.5430777547484668,1.0593380056351012,-0.00013249829,-0.0011316752
A Picture of Me (Without You),-1.7315868294803225,-2.089164504932689,-0.00013249829,-0.0011316752
Alison,-1.1733501437404132,-1.6820994926545352,-0.00013249829,-0.0011316752
Angel Eyes,-0.5489879895612728,-1.9663311336645102,-0.00013249829,-0.0011316752
As Time Goes By,0.616628575716555,-2.03694038081357,-0.00013249829,-0.0011316752
At Home He''s a Tourist,0.159254897559219,1.3058621929144687,-0.00013249829,-0.0011316752
Baba O''Riley,1.219464230142976,1.0410525840214981,-0.00013249829,-0.0011316752
Beechwood 4-5789,0.993307166321427,0.9040415265821434,-0.00013249829,-0.0011316752
Black Coffee,-0.9470848210086782,-1.6197866291125456,-0.00013249829,-0.0011316752
Bleed American,-0.5856697053160855,1.1934377506102318,-0.00013249829,-0.0011316752
Blowin'' in the Wind,-1.2736978259202458,-1.2818142424909635,-0.00013249829,-0.0011316752
Bright as Yellow,-1.2769771607680032,-0.5003666670407371,-0.00013249829,-0.0011316752
Brooklyn Zoo,-1.3307114226501582,0.4219604184902734,-0.00013249829,-0.0011316752
Come on in My Kitchen,-1.3288515718220315,-1.7467784422508597,-0.00013249829,-0.0011316752
Cool Places,0.9613831885615399,0.7681179931570189,-0.00013249829,-0.0011316752
Cynical Girl,0.6646240007367411,0.07417845820621005,-0.00013249829,-0.0011316752
Dead Skunk,-0.48389316841394814,0.2394252391097392,-0.00013249829,-0.0011316752
Desafinado,-1.7703532648188471,-2.372738110014473,-0.00013249829,-0.0011316752
Devils Haircut,-1.0122644725527166,0.06981149250094586,-0.00013249829,-0.0011316752
Don''t Get Around Much Anymore,-0.4248416950729719,-1.8852730716010442,-0.00013249829,-0.0011316752
Down on the Corner,1.5179775031821419,0.7135301561266817,-0.00013249829,-0.0011316752
Elvis Is Everywhere,0.42858207885854926,0.7900816681091524,-0.00013249829,-0.0011316752
Epic,-0.37234889494108464,1.356830066625224,-0.00013249829,-0.0011316752
Everybody Hurts,-0.26944801777459626,-1.9390326118889165,-0.00013249829,-0.0011316752
Exploited Barmy Army,-0.8400993315579057,1.2319228831650637,-0.00013249829,-0.0011316752
Fade to Black,-0.23447623917299534,-0.31607672717907664,-0.00013249829,-0.0011316752
Fat Man in the Bathtub,0.5212701690512657,0.26526810465322065,-0.00013249829,-0.0011316752
Fight for Your Right,-0.380922016247765,1.5336223869960954,-0.00013249829,-0.0011316752
Flava in Ya Ear,-0.07830957552729607,-0.28536838286649585,-0.00013249829,-0.0011316752
Games Without Frontiers,-0.7766441795912468,-0.33224845962344907,-0.00013249829,-0.0011316752
Get Over You,-0.2467269027578311,1.125241299870489,-0.00013249829,-0.0011316752
God Bless the Child,0.07141553990880528,-2.1138508244752168,-0.00013249829,-0.0011316752
God Give Me Strength,-1.822424436034012,-2.450446170988969,-0.00013249829,-0.0011316752
God Only Knows,0.7744349085429201,-0.2020769887377649,-0.00013249829,-0.0011316752
Good Rockin'' Tonight,0.5892461211295241,0.27404191603206984,-0.00013249829,-0.0011316752
Goodbye Pork Pie Hat,-0.741391318558739,-2.1757261402137478,-0.00013249829,-0.0011316752
Here Comes a Regular,-1.9629908332745722,-1.432285125734215,-0.00013249829,-0.0011316752
High and Dry,-0.6394508136844628,-0.9004126314122397,-0.00013249829,-0.0011316752
Higher Ground,1.2709263829829565,1.3039279650982183,-0.00013249829,-0.0011316752
Homeward Bound,-0.36520462835670914,-1.7705155928241314,-0.00013249829,-0.0011316752
Hong Kong Garden,0.10456025635770329,0.5660304038045995,-0.00013249829,-0.0011316752
I Am the Walrus,0.2880156816179892,-0.07202516074811532,-0.00013249829,-0.0011316752
I Don''t Want to Wait,-0.0479991400095352,-0.751237881536745,-0.00013249829,-0.0011316752
I Guess the Lord Must Be in New York City,0.8513353393584603,-0.3505139397573553,-0.00013249829,-0.0011316752
I''m Gonna Be (500 Miles),1.6681242475349651,0.9874725050866053,-0.00013249829,-0.0011316752
I''m Ready,1.5080458021528511,0.4757199587781457,-0.00013249829,-0.0011316752
I''m Still in Love With You,1.412453156029303,-0.8455763050600558,-0.00013249829,-0.0011316752
If,-0.5755740328010818,-1.7612033884131266,-0.00013249829,-0.0011316752
Isn''t She Lovely,1.715885433096892,0.4907152007507961,-0.00013249829,-0.0011316752
It Takes Two,1.7605780982694228,1.9659918717855738,-0.00013249829,-0.0011316752
Judy Is a Punk,0.7116356249512424,1.2320624675407952,-0.00013249829,-0.0011316752
Just Like a Woman,-0.4319391151711253,-1.7127280740394022,-0.00013249829,-0.0011316752
Kansas City,0.930086250299453,0.018165644373376207,-0.00013249829,-0.0011316752
Killing Me Softly With His Song,-0.2599847886346755,-1.6990289624434367,-0.00013249829,-0.0011316752
Last Nite,0.33556605623512936,0.9516195192356078,-0.00013249829,-0.0011316752
Leave Them All Behind,-0.6423085231290723,0.15469812723752022,-0.00013249829,-0.0011316752
Maggie''s Farm,-0.8150124110129476,0.08363024699294638,-0.00013249829,-0.0011316752
Midnight Rambler,0.573294493780209,0.3967955273636067,-0.00013249829,-0.0011316752
Misty,0.2886715499929704,-1.6184095919957882,-0.00013249829,-0.0011316752
Mony Mony,1.2559585564393259,1.3848663842656495,-0.00013249829,-0.0011316752
More Human Than Human,-0.6092574996526186,1.5059449950527013,-0.00013249829,-0.0011316752
Music! Music! Music!,1.3195776763781237,0.765195945733948,-0.00013249829,-0.0011316752
My World Fell Down,-1.1574453628773202,-0.41617795119174633,-0.00013249829,-0.0011316752
Naima,-0.6389589132816202,-2.4902673138888067,-0.00013249829,-0.0011316752
Neat Neat Neat,-0.7091132814296088,1.3384050606358897,-0.00013249829,-0.0011316752
O-o-h Child,1.7476949913095037,-0.2076204419236789,-0.00013249829,-0.0011316752
Our Town,0.3060520320645903,-0.9110409076796259,-0.00013249829,-0.0011316752
Parchman Farm,0.48704795531066464,-0.28859874105943106,-0.00013249829,-0.0011316752
Party at Ground Zero,0.9455459772459257,0.23408118875650136,-0.00013249829,-0.0011316752
Planet Claire,0.5042878944100438,0.5799887426723311,-0.00013249829,-0.0011316752
Praise You,1.0702544436231896,1.068291281358002,-0.00013249829,-0.0011316752
Pretty Paper,-0.790019186954008,-1.5425759343984529,-0.00013249829,-0.0011316752
Revolution 9,-1.354927159473088,-0.9469169038506033,-0.00013249829,-0.0011316752
Rock and Roll Queen,0.6675754031537949,0.6339078088156314,-0.00013249829,-0.0011316752
Seeing Other People,0.6622347702086497,-0.4457696264806223,-0.00013249829,-0.0011316752
Set Adrift on Memory Bliss,0.5509872005180578,0.055547400230252855,-0.00013249829,-0.0011316752
Ship of Fools,0.3532744707374527,0.19280438962455185,-0.00013249829,-0.0011316752
Shoot Out the Lights,-0.8638979403527997,-1.311844609395657,-0.00013249829,-0.0011316752
Shot by Both Sides,-1.0029417898986108,0.273324058655862,-0.00013249829,-0.0011316752
Slip Away,0.4687305224331566,0.1255650820530863,-0.00013249829,-0.0011316752
Somethin'' Else,0.6330486784688142,1.0481513948558627,-0.00013249829,-0.0011316752
Street Hassle,0.891341437497208,-0.7980075159363686,-0.00013249829,-0.0011316752
Summer Breeze,1.624790162085045,-0.9036031096368542,-0.00013249829,-0.0011316752
Sunday Bloody Sunday,-0.6096791285693405,0.6261908420213973,-0.00013249829,-0.0011316752
Tainted Love,-0.574657903436531,0.15601419909390127,-0.00013249829,-0.0011316752
Teenage Depression,0.7234646596193562,1.4357943780080837,-0.00013249829,-0.0011316752
That''s When I Reach for My Revolver,-0.6102808281692458,0.18713381586160108,-0.00013249829,-0.0011316752
The Devil Went Down to Georgia,1.1067956164057615,1.45533605003005,-0.00013249829,-0.0011316752
The Night They Drove Old Dixie Down,-1.3770086212602943,-1.306850765763402,-0.00013249829,-0.0011316752
Think,1.347016348154051,1.0946206956757154,-0.00013249829,-0.0011316752
Tomorrow Never Knows,-0.8914677879118676,0.01568105923536611,-0.00013249829,-0.0011316752
Tulsa Time,0.26906580536539804,-0.0902507609137008,-0.00013249829,-0.0011316752
Twenty Flight Rock,1.0736508964432894,1.1923011430979027,-0.00013249829,-0.0011316752
"What''s the Frequency, Kenneth_",0.5130484051751871,0.19719129680951264,-0.00013249829,-0.0011316752
When My Baby''s Beside Me,1.1760130302342875,0.7953658970143731,-0.00013249829,-0.0011316752
Where the Streets Have No Name (I Can''t Take My Eyes off You),1.6513762088384283,1.2911820095710191,-0.00013249829,-0.0011316752
William Tell Overture,0.0015188327053998955,1.3200398760945733,-0.00013249829,-0.0011316752
With a Little Help from My Friends,0.5591699250700224,0.4882824628617825,-0.00013249829,-0.0011316752
Wunderbar,1.3312427430740985,0.6920741947770889,-0.00013249829,-0.0011316752
You Can''t Always Get What You Want,0.9308436223225608,-1.1115801265287235,-0.00013249829,-0.0011316752
You Make Me Feel Brand New,1.3874599319703633,-1.2848053148918295,-0.00013249829,-0.0011316752
